{
   "moments":[
      {
         "sequence":0,
         "showOffset":0,
         "timestamp":"2013-08-06T15:19:02.026Z",
         "_id":"520113e6214407df2800037a",
         "recentComments":[

         ],
         "tagCount":0,
         "emotionCount":0,
         "commentCount":0,
         "type":"FirstMoment"
      },
      {
         "sequence":44,
         "showOffset":11.2,
         "_id":"53207680ff25c35e1c019dbb",
         "recentComments":[

         ],
         "recentEmotions":[

         ],
         "tagCount":0,
         "emotionCount":0,
         "approvedCommentCount":0,
         "commentCount":0,
         "type":"LastMoment",
         "timestamp":"2014-03-12T15:00:16.110Z"
      },
      {
         "_id":"52557014e8020a1304001983",
         "commentCount":0,
         "emotionCount":0,
         "recentComments":[

         ],
         "screenshotUrl":"http://tvtag-moment-imgs.i.tv/se-4d1a5f207f6dfb6e36b3bda23062b82c-0-000d1a20846c16dd645357b56161f9894ba8ebfa.jpg",
         "sequence":2,
         "showOffset":52.31,
         "tagCount":0,
         "timestamp":"2013-10-09T15:02:44.509Z",
         "type":"Moment"
      },
      {
         "sequence":45,
         "title":"A recap of the previous season.",
         "screenshotUrl":"http://tvtag-moment-imgs.i.tv/se-4d1a5f207f6dfb6e36b3bda23062b82c-0-1b489c871e2245d273dc6302074bdd28d34fbf0b.jpg",
         "showOffset":53.229,
         "_id":"532076ccff25c35e1c019dc5",
         "recentComments":[

         ],
         "recentEmotions":[

         ],
         "tagCount":0,
         "emotionCount":0,
         "approvedCommentCount":0,
         "commentCount":0,
         "type":"Moment",
         "timestamp":"2014-03-12T15:01:32.403Z"
      },
      {
         "sequence":46,
         "title":"Dick Roman speaks with Crowley.",
         "screenshotUrl":"http://tvtag-moment-imgs.i.tv/se-4d1a5f207f6dfb6e36b3bda23062b82c-0-8f63ae4168d129f2627d896d8268b074d585f1fe.jpg",
         "showOffset":150.058,
         "_id":"5320772effbd6c970e01a1aa",
         "recentComments":[

         ],
         "recentEmotions":[

         ],
         "tagCount":0,
         "emotionCount":0,
         "approvedCommentCount":0,
         "commentCount":0,
         "type":"Moment",
         "timestamp":"2014-03-12T15:03:10.287Z"
      },
      {
         "_id":"5255708a3a1fd0aa13001e83",
         "commentCount":0,
         "emotionCount":0,
         "recentComments":[

         ],
         "screenshotUrl":"http://tvtag-moment-imgs.i.tv/se-4d1a5f207f6dfb6e36b3bda23062b82c-0-7199e9286a35f58788b8bdbf67d196be0c8bea43.jpg",
         "sequence":3,
         "showOffset":192.203,
         "tagCount":0,
         "timestamp":"2013-10-09T15:04:42.676Z",
         "type":"Moment"
      },
      {
         "sequence":47,
         "title":"Dick offers to give Crowley control over Canada.",
         "screenshotUrl":"http://tvtag-moment-imgs.i.tv/se-4d1a5f207f6dfb6e36b3bda23062b82c-0-040fb86a7014215829a2e0f2e00eb6937c833be4.jpg",
         "showOffset":193.96,
         "_id":"532077abff25c35e1c019e04",
         "recentComments":[

         ],
         "recentEmotions":[

         ],
         "tagCount":0,
         "emotionCount":0,
         "approvedCommentCount":0,
         "commentCount":0,
         "type":"Moment",
         "timestamp":"2014-03-12T15:05:15.199Z"
      },
      {
         "sequence":48,
         "title":"Crowley agrees to work with Dick.",
         "screenshotUrl":"http://tvtag-moment-imgs.i.tv/se-4d1a5f207f6dfb6e36b3bda23062b82c-0-1713a3a5374aa7376a26c58738de0da4a8fbb044.jpg",
         "showOffset":272.362,
         "_id":"532077bcff25c35e1c019e07",
         "recentComments":[

         ],
         "recentEmotions":[

         ],
         "tagCount":0,
         "emotionCount":0,
         "approvedCommentCount":0,
         "commentCount":0,
         "type":"Moment",
         "timestamp":"2014-03-12T15:05:32.979Z"
      },
      {
         "_id":"52557114c5b939f22d0022d0",
         "commentCount":0,
         "emotionCount":0,
         "recentComments":[

         ],
         "screenshotUrl":"http://tvtag-moment-imgs.i.tv/se-4d1a5f207f6dfb6e36b3bda23062b82c-0-d173e65e94a9f48721e80c4d0c432ce780e4beab.jpg",
         "sequence":4,
         "showOffset":287.167,
         "tagCount":0,
         "timestamp":"2013-10-09T15:07:00.198Z",
         "type":"Moment"
      },
      {
         "sequence":49,
         "title":"The brothers try to figure out how to reach Bobby.",
         "screenshotUrl":"http://tvtag-moment-imgs.i.tv/se-4d1a5f207f6dfb6e36b3bda23062b82c-0-ebb89992e3704a531d89dba75804866f57524213.jpg",
         "showOffset":319.26,
         "_id":"532078caff25c35e1c019e2d",
         "recentComments":[

         ],
         "recentEmotions":[

         ],
         "tagCount":0,
         "emotionCount":0,
         "approvedCommentCount":0,
         "commentCount":0,
         "type":"Moment",
         "timestamp":"2014-03-12T15:10:02.412Z"
      },
      {
         "sequence":50,
         "title":"Dean searches for the final piece of the leviathan killing weapon.",
         "screenshotUrl":"http://tvtag-moment-imgs.i.tv/se-4d1a5f207f6dfb6e36b3bda23062b82c-0-64481f04d2003b467670bd2a8ca6216645a6477f.jpg",
         "showOffset":426.986,
         "_id":"532078dbff25c35e1c019e2e",
         "recentComments":[

         ],
         "recentEmotions":[

         ],
         "tagCount":0,
         "emotionCount":0,
         "approvedCommentCount":0,
         "commentCount":0,
         "type":"Moment",
         "timestamp":"2014-03-12T15:10:19.230Z"
      },
      {
         "_id":"525571dac5b939f22d0022d8",
         "commentCount":0,
         "emotionCount":0,
         "recentComments":[

         ],
         "screenshotUrl":"http://tvtag-moment-imgs.i.tv/se-4d1a5f207f6dfb6e36b3bda23062b82c-0-3cf2a247bc051401173b1bc63a9c974f75484caa.jpg",
         "sequence":5,
         "showOffset":454.335,
         "tagCount":0,
         "timestamp":"2013-10-09T15:10:18.567Z",
         "type":"Moment"
      },
      {
         "sequence":51,
         "title":"The brothers check in with Meg.",
         "screenshotUrl":"http://tvtag-moment-imgs.i.tv/se-4d1a5f207f6dfb6e36b3bda23062b82c-0-9a9cae38a2bf81df7d5bdf35d25f3a5fbac5dbe4.jpg",
         "showOffset":526.221,
         "_id":"532078eaffbd6c970e01a20d",
         "recentComments":[

         ],
         "recentEmotions":[

         ],
         "tagCount":0,
         "emotionCount":0,
         "approvedCommentCount":0,
         "commentCount":0,
         "type":"Moment",
         "timestamp":"2014-03-12T15:10:34.895Z"
      },
      {
         "_id":"525572223a1fd0aa13001e93",
         "commentCount":0,
         "emotionCount":0,
         "recentComments":[

         ],
         "screenshotUrl":"http://tvtag-moment-imgs.i.tv/se-4d1a5f207f6dfb6e36b3bda23062b82c-0-54a9feac3cff02f1381664a404dcfa4770a2c0dd.jpg",
         "sequence":6,
         "showOffset":528.24,
         "tagCount":0,
         "timestamp":"2013-10-09T15:11:30.548Z",
         "type":"Moment"
      },
      {
         "sequence":52,
         "title":"Castiel gives the brothers an update.",
         "screenshotUrl":"http://tvtag-moment-imgs.i.tv/se-4d1a5f207f6dfb6e36b3bda23062b82c-0-91ec0c45bd17491e1b6ba5639a79a3b2084e8584.jpg",
         "showOffset":606.949,
         "_id":"532078f7ffbd6c970e01a20f",
         "recentComments":[

         ],
         "recentEmotions":[

         ],
         "tagCount":0,
         "emotionCount":0,
         "approvedCommentCount":0,
         "commentCount":0,
         "type":"Moment",
         "timestamp":"2014-03-12T15:10:47.687Z"
      },
      {
         "sequence":53,
         "type":"PollMoment",
         "title":"Is Crowley really working with Dick?",
         "screenshotUrl":"http://tvtag-moment-imgs.i.tv/se-4d1a5f207f6dfb6e36b3bda23062b82c-0-e2cc396e66ccd5d5e4b4b6f8e2674e9db5500018.jpg",
         "showOffset":699.998,
         "choices":[
            {
               "title":"Yes",
               "_id":"53207967ff25c35e1c019e4d",
               "voteCount":0
            },
            {
               "title":"No",
               "_id":"53207967ff25c35e1c019e4c",
               "voteCount":1
            }
         ],
         "_id":"53207967ff25c35e1c019e4b",
         "recentComments":[

         ],
         "recentEmotions":[

         ],
         "tagCount":0,
         "emotionCount":0,
         "approvedCommentCount":0,
         "commentCount":0,
         "timestamp":"2014-03-12T15:12:39.634Z"
      },
      {
         "_id":"525572aa7ccd72f82d002a6a",
         "commentCount":0,
         "emotionCount":0,
         "recentComments":[

         ],
         "screenshotUrl":"http://tvtag-moment-imgs.i.tv/se-4d1a5f207f6dfb6e36b3bda23062b82c-0-a403e0681f70e07a7557dcd3d36c8344feec7249.jpg",
         "sequence":7,
         "showOffset":708.522,
         "tagCount":0,
         "timestamp":"2013-10-09T15:13:46.528Z",
         "type":"Moment"
      },
      {
         "_id":"525573aeaf31cdb422002972",
         "commentCount":0,
         "emotionCount":0,
         "recentComments":[

         ],
         "screenshotUrl":"http://tvtag-moment-imgs.i.tv/se-4d1a5f207f6dfb6e36b3bda23062b82c-0-43738fe0a32743cb1b47be5f42b175939f02193c.jpg",
         "sequence":8,
         "showOffset":1016.214,
         "tagCount":0,
         "timestamp":"2013-10-09T15:18:06.948Z",
         "type":"Moment"
      },
      {
         "sequence":54,
         "title":"The hunters argue with Crowley.",
         "screenshotUrl":"http://tvtag-moment-imgs.i.tv/se-4d1a5f207f6dfb6e36b3bda23062b82c-0-6853faba4ab5523575e065979156e00e7522afd2.jpg",
         "showOffset":1019.997,
         "_id":"53207aa4ff25c35e1c019e93",
         "recentComments":[

         ],
         "recentEmotions":[

         ],
         "tagCount":0,
         "emotionCount":0,
         "approvedCommentCount":0,
         "commentCount":0,
         "type":"Moment",
         "timestamp":"2014-03-12T15:17:56.013Z"
      },
      {
         "sequence":55,
         "title":"Crowley sets his plans in motion.",
         "screenshotUrl":"http://tvtag-moment-imgs.i.tv/se-4d1a5f207f6dfb6e36b3bda23062b82c-0-94cf98c9d7e54d81c538eaed5b2c88500234a2b0.jpg",
         "showOffset":1130.987,
         "_id":"53207b29ffbd6c970e01a27c",
         "recentComments":[

         ],
         "recentEmotions":[

         ],
         "tagCount":0,
         "emotionCount":0,
         "approvedCommentCount":0,
         "commentCount":0,
         "type":"Moment",
         "timestamp":"2014-03-12T15:20:09.201Z"
      },
      {
         "_id":"52557442e8020a13040019d0",
         "commentCount":0,
         "emotionCount":0,
         "recentComments":[

         ],
         "screenshotUrl":"http://tvtag-moment-imgs.i.tv/se-4d1a5f207f6dfb6e36b3bda23062b82c-0-2c5a189e98a78a0b59a1c8f69adab295561adb7c.jpg",
         "sequence":9,
         "showOffset":1132.259,
         "tagCount":0,
         "timestamp":"2013-10-09T15:20:34.865Z",
         "type":"Moment"
      },
      {
         "sequence":56,
         "title":"Bobby possesses the maid again.",
         "screenshotUrl":"http://tvtag-moment-imgs.i.tv/se-4d1a5f207f6dfb6e36b3bda23062b82c-0-29a2b3a5d5228eabaedb5dabb35b50455730fb57.jpg",
         "showOffset":1177.919,
         "_id":"53207b36ff25c35e1c019eac",
         "recentComments":[

         ],
         "recentEmotions":[

         ],
         "tagCount":0,
         "emotionCount":0,
         "approvedCommentCount":0,
         "commentCount":0,
         "type":"Moment",
         "timestamp":"2014-03-12T15:20:22.776Z"
      },
      {
         "_id":"525574d1c5b939f22d0022e6",
         "commentCount":0,
         "emotionCount":0,
         "recentComments":[

         ],
         "screenshotUrl":"http://tvtag-moment-imgs.i.tv/se-4d1a5f207f6dfb6e36b3bda23062b82c-0-de98c1132bccd239710e9de5875670d71b32ae63.jpg",
         "sequence":10,
         "showOffset":1219.242,
         "tagCount":0,
         "timestamp":"2013-10-09T15:22:57.668Z",
         "type":"Moment"
      },
      {
         "sequence":57,
         "title":"The brothers make the weapons.",
         "screenshotUrl":"http://tvtag-moment-imgs.i.tv/se-4d1a5f207f6dfb6e36b3bda23062b82c-0-4c67c236125373d515624e72e128e9f0d51a76e9.jpg",
         "showOffset":1283.059,
         "_id":"53207c77ff25c35e1c019ef2",
         "recentComments":[

         ],
         "recentEmotions":[

         ],
         "tagCount":0,
         "emotionCount":0,
         "approvedCommentCount":0,
         "commentCount":0,
         "type":"Moment",
         "timestamp":"2014-03-12T15:25:43.837Z"
      },
      {
         "sequence":58,
         "type":"PollMoment",
         "title":"Do you think the weapon will work?",
         "screenshotUrl":"http://tvtag-moment-imgs.i.tv/se-4d1a5f207f6dfb6e36b3bda23062b82c-0-a1e3436d4ecd3caade96e1c30c6cdf93207372e4.jpg",
         "showOffset":1371.103,
         "choices":[
            {
               "title":"Yes",
               "_id":"53207c83ffbd6c970e01a2bf",
               "voteCount":0
            },
            {
               "title":"No",
               "_id":"53207c83ffbd6c970e01a2be",
               "voteCount":0
            }
         ],
         "_id":"53207c83ffbd6c970e01a2bd",
         "recentComments":[

         ],
         "recentEmotions":[

         ],
         "tagCount":0,
         "emotionCount":0,
         "approvedCommentCount":0,
         "commentCount":0,
         "timestamp":"2014-03-12T15:25:55.782Z"
      },
      {
         "_id":"52557567e8020a13040019e0",
         "commentCount":0,
         "emotionCount":0,
         "recentComments":[

         ],
         "screenshotUrl":"http://tvtag-moment-imgs.i.tv/se-4d1a5f207f6dfb6e36b3bda23062b82c-0-22e441b832c8cd7b254984cd104544dd51526ce0.jpg",
         "sequence":11,
         "showOffset":1385.445,
         "tagCount":0,
         "timestamp":"2013-10-09T15:25:27.996Z",
         "type":"Moment"
      },
      {
         "_id":"525575ece8020a13040019e7",
         "commentCount":0,
         "emotionCount":0,
         "recentComments":[

         ],
         "screenshotUrl":"http://tvtag-moment-imgs.i.tv/se-4d1a5f207f6dfb6e36b3bda23062b82c-0-d2d39319beeb0e0869d2c3b7ac0d3a4bfb4d41cd.jpg",
         "sequence":12,
         "showOffset":1540.217,
         "tagCount":0,
         "timestamp":"2013-10-09T15:27:40.454Z",
         "type":"Moment"
      },
      {
         "sequence":59,
         "title":"Dick checks in on Kevin.",
         "screenshotUrl":"http://tvtag-moment-imgs.i.tv/se-4d1a5f207f6dfb6e36b3bda23062b82c-0-67ea22e4ad38de520492bb33311053f853135c75.jpg",
         "showOffset":1629.094,
         "_id":"53207d46ff25c35e1c019f18",
         "recentComments":[

         ],
         "recentEmotions":[

         ],
         "tagCount":0,
         "emotionCount":0,
         "approvedCommentCount":0,
         "commentCount":0,
         "type":"Moment",
         "timestamp":"2014-03-12T15:29:10.245Z"
      },
      {
         "_id":"5255765ce8020a13040019ed",
         "commentCount":0,
         "emotionCount":0,
         "recentComments":[

         ],
         "screenshotUrl":"http://tvtag-moment-imgs.i.tv/se-4d1a5f207f6dfb6e36b3bda23062b82c-0-2d66b3fa2c28c31a45d5ec7bba1d3da4d011fc62.jpg",
         "sequence":13,
         "showOffset":1682.326,
         "tagCount":0,
         "timestamp":"2013-10-09T15:29:32.248Z",
         "type":"Moment"
      },
      {
         "_id":"525576b97ccd72f82d002abe",
         "commentCount":0,
         "emotionCount":0,
         "recentComments":[

         ],
         "screenshotUrl":"http://tvtag-moment-imgs.i.tv/se-4d1a5f207f6dfb6e36b3bda23062b82c-0-7e100af0f534858ecd14dee661d2e2d8ef1324f2.jpg",
         "sequence":14,
         "showOffset":1706.471,
         "tagCount":0,
         "timestamp":"2013-10-09T15:31:05.480Z",
         "type":"Moment"
      },
      {
         "sequence":60,
         "title":"Dick meets with his board.",
         "screenshotUrl":"http://tvtag-moment-imgs.i.tv/se-4d1a5f207f6dfb6e36b3bda23062b82c-0-4e0b37ff31c904805f79a8f22283d992abaaf728.jpg",
         "showOffset":1723.018,
         "_id":"53207d4fffbd6c970e01a2e3",
         "recentComments":[

         ],
         "recentEmotions":[

         ],
         "tagCount":0,
         "emotionCount":0,
         "approvedCommentCount":0,
         "commentCount":0,
         "type":"Moment",
         "timestamp":"2014-03-12T15:29:19.590Z"
      },
      {
         "sequence":61,
         "title":"The brothers spy on Dick.",
         "screenshotUrl":"http://tvtag-moment-imgs.i.tv/se-4d1a5f207f6dfb6e36b3bda23062b82c-0-197b73789ea88701684856f0d2d3d117d4172323.jpg",
         "showOffset":1804.927,
         "_id":"53207ddfffbd6c970e01a305",
         "recentComments":[

         ],
         "recentEmotions":[

         ],
         "tagCount":0,
         "emotionCount":0,
         "approvedCommentCount":0,
         "commentCount":0,
         "type":"Moment",
         "timestamp":"2014-03-12T15:31:43.554Z"
      },
      {
         "sequence":62,
         "title":"Dick uses a test subject for his cancer cure.",
         "screenshotUrl":"http://tvtag-moment-imgs.i.tv/se-4d1a5f207f6dfb6e36b3bda23062b82c-0-641b47629fd176e9cf28dfcb986e370884bb2e78.jpg",
         "showOffset":1862.922,
         "_id":"53207decffbd6c970e01a30a",
         "recentComments":[

         ],
         "recentEmotions":[

         ],
         "tagCount":0,
         "emotionCount":0,
         "approvedCommentCount":0,
         "commentCount":0,
         "type":"Moment",
         "timestamp":"2014-03-12T15:31:56.033Z"
      },
      {
         "_id":"5255772ac5b939f22d002300",
         "commentCount":0,
         "emotionCount":0,
         "recentComments":[

         ],
         "screenshotUrl":"http://tvtag-moment-imgs.i.tv/se-4d1a5f207f6dfb6e36b3bda23062b82c-0-d5f2712698a217ce8cedd3353d0bf943ec8c020f.jpg",
         "sequence":15,
         "showOffset":1919.256,
         "tagCount":0,
         "timestamp":"2013-10-09T15:32:58.853Z",
         "type":"Moment"
      },
      {
         "sequence":63,
         "type":"PollMoment",
         "title":"Do you think Sam will find Bobby?",
         "screenshotUrl":"http://tvtag-moment-imgs.i.tv/se-4d1a5f207f6dfb6e36b3bda23062b82c-0-5d0a857eaddb3a8398924e7f7fc3a49805847eba.jpg",
         "showOffset":1944.335,
         "choices":[
            {
               "title":"Yes",
               "_id":"53207e30ff25c35e1c019f60",
               "voteCount":0
            },
            {
               "title":"No",
               "_id":"53207e30ff25c35e1c019f5f",
               "voteCount":0
            }
         ],
         "_id":"53207e30ff25c35e1c019f5e",
         "recentComments":[

         ],
         "recentEmotions":[

         ],
         "tagCount":0,
         "emotionCount":0,
         "approvedCommentCount":0,
         "commentCount":0,
         "timestamp":"2014-03-12T15:33:04.831Z"
      },
      {
         "_id":"525577b2c5b939f22d002310",
         "commentCount":0,
         "emotionCount":0,
         "recentComments":[

         ],
         "screenshotUrl":"http://tvtag-moment-imgs.i.tv/se-4d1a5f207f6dfb6e36b3bda23062b82c-0-e74bc3c97315db05badbdee75e66b42b5acd7343.jpg",
         "sequence":16,
         "showOffset":1971.13,
         "tagCount":0,
         "timestamp":"2013-10-09T15:35:14.228Z",
         "type":"Moment"
      },
      {
         "sequence":64,
         "title":"Sam confronts Bobby.",
         "screenshotUrl":"http://tvtag-moment-imgs.i.tv/se-4d1a5f207f6dfb6e36b3bda23062b82c-0-d2700a9a5a29e1f18b1a6a138f9009ba5b88bbeb.jpg",
         "showOffset":2219.928,
         "_id":"53207fc8ff25c35e1c019fb8",
         "recentComments":[

         ],
         "recentEmotions":[

         ],
         "tagCount":0,
         "emotionCount":0,
         "approvedCommentCount":0,
         "commentCount":0,
         "type":"Moment",
         "timestamp":"2014-03-12T15:39:52.655Z"
      },
      {
         "_id":"5255784a3a1fd0aa13001edc",
         "commentCount":0,
         "emotionCount":0,
         "recentComments":[

         ],
         "screenshotUrl":"http://tvtag-moment-imgs.i.tv/se-4d1a5f207f6dfb6e36b3bda23062b82c-0-2a9615b80081ac5b4bd005bc0a9117df09e28d2b.jpg",
         "sequence":17,
         "showOffset":2240.212,
         "tagCount":0,
         "timestamp":"2013-10-09T15:37:46.528Z",
         "type":"Moment"
      },
      {
         "sequence":65,
         "title":"Sam fills Dean and Castiel in.",
         "screenshotUrl":"http://tvtag-moment-imgs.i.tv/se-4d1a5f207f6dfb6e36b3bda23062b82c-0-f242b6b352574510e4a55a1c6f1d7f955f78db44.jpg",
         "showOffset":2288.121,
         "_id":"53207fd2ffbd6c970e01a381",
         "recentComments":[

         ],
         "recentEmotions":[

         ],
         "tagCount":0,
         "emotionCount":0,
         "approvedCommentCount":0,
         "commentCount":0,
         "type":"Moment",
         "timestamp":"2014-03-12T15:40:02.495Z"
      },
      {
         "_id":"525578c1c5b939f22d00231b",
         "commentCount":0,
         "emotionCount":0,
         "recentComments":[

         ],
         "screenshotUrl":"http://tvtag-moment-imgs.i.tv/se-4d1a5f207f6dfb6e36b3bda23062b82c-0-8e8efdb4f0749a5afbcbf2aa7314f0819c504068.jpg",
         "sequence":18,
         "showOffset":2293.266,
         "tagCount":0,
         "timestamp":"2013-10-09T15:39:45.466Z",
         "type":"Moment"
      },
      {
         "sequence":66,
         "title":"Dean continues to spy on Dick.",
         "screenshotUrl":"http://tvtag-moment-imgs.i.tv/se-4d1a5f207f6dfb6e36b3bda23062b82c-0-5c7f711c8fa2b512822175f93188f58b8c21096b.jpg",
         "showOffset":2371.966,
         "_id":"53207fd9ff25c35e1c019fbd",
         "recentComments":[

         ],
         "recentEmotions":[

         ],
         "tagCount":0,
         "emotionCount":0,
         "approvedCommentCount":0,
         "commentCount":0,
         "type":"Moment",
         "timestamp":"2014-03-12T15:40:09.267Z"
      },
      {
         "_id":"52557939e8020a1304001a23",
         "commentCount":1,
         "emotionCount":0,
         "recentComments":[
            {
               "_id":"52557d9de8020a1304001a6b",
               "parentId":"52557d9de8020a1304001a6b",
               "text":"Sad to see Bobby go from the series.",
               "authorId":"50d376d277f7ebd6d12278a9",
               "authorName":"Anthony",
               "isParent":true,
               "timestamp":"2013-10-09T16:00:29.818Z"
            }
         ],
         "screenshotUrl":"http://tvtag-moment-imgs.i.tv/se-4d1a5f207f6dfb6e36b3bda23062b82c-0-f585a979fae13b0db500c44490cbe1768626cec0.jpg",
         "sequence":0,
         "showOffset":2401.274,
         "tagCount":0,
         "timestamp":"2013-10-09T15:41:45.223Z",
         "type":"Moment"
      },
      {
         "sequence":67,
         "title":"Bobby appears to the brothers.",
         "screenshotUrl":"http://tvtag-moment-imgs.i.tv/se-4d1a5f207f6dfb6e36b3bda23062b82c-0-13591643fc1c604044f5913f449312a492b47e25.jpg",
         "showOffset":2489.102,
         "_id":"532080d8ffbd6c970e01a3b8",
         "recentComments":[

         ],
         "recentEmotions":[

         ],
         "tagCount":0,
         "emotionCount":0,
         "approvedCommentCount":0,
         "commentCount":0,
         "type":"Moment",
         "timestamp":"2014-03-12T15:44:24.787Z"
      },
      {
         "_id":"525579bd7ccd72f82d002ae7",
         "commentCount":0,
         "emotionCount":0,
         "recentComments":[

         ],
         "screenshotUrl":"http://tvtag-moment-imgs.i.tv/se-4d1a5f207f6dfb6e36b3bda23062b82c-0-a2ae54e003ff3c5b60e8f230138cb63fdeeb60de.jpg",
         "sequence":20,
         "showOffset":2529.474,
         "tagCount":0,
         "timestamp":"2013-10-09T15:43:57.398Z",
         "type":"Moment"
      },
      {
         "sequence":68,
         "title":"Bobby's flask is burned.",
         "screenshotUrl":"http://tvtag-moment-imgs.i.tv/se-4d1a5f207f6dfb6e36b3bda23062b82c-0-70fa84fd2038857f6cc8b015a709cc38142e4451.jpg",
         "showOffset":2556.113,
         "_id":"532080edff25c35e1c019fdc",
         "recentComments":[

         ],
         "recentEmotions":[

         ],
         "tagCount":0,
         "emotionCount":0,
         "approvedCommentCount":0,
         "commentCount":0,
         "type":"Moment",
         "timestamp":"2014-03-12T15:44:45.698Z"
      },
      {
         "sequence":69,
         "type":"PollMoment",
         "title":"Do you think they will stop the leviathans?",
         "screenshotUrl":"http://tvtag-moment-imgs.i.tv/se-4d1a5f207f6dfb6e36b3bda23062b82c-0-e65e5a88fd5aa406c95a6838e9f9c528544fd1da.jpg",
         "showOffset":2576.925,
         "choices":[
            {
               "title":"Yes",
               "_id":"532080fdffbd6c970e01a3c4",
               "voteCount":0
            },
            {
               "title":"No",
               "_id":"532080fdffbd6c970e01a3c3",
               "voteCount":0
            }
         ],
         "_id":"532080fdffbd6c970e01a3c2",
         "recentComments":[

         ],
         "recentEmotions":[

         ],
         "tagCount":0,
         "emotionCount":0,
         "approvedCommentCount":0,
         "commentCount":0,
         "timestamp":"2014-03-12T15:45:01.405Z"
      },
      {
         "sequence":70,
         "title":"Castiel and Dean go over the plan one last time.",
         "screenshotUrl":"http://tvtag-moment-imgs.i.tv/se-4d1a5f207f6dfb6e36b3bda23062b82c-0-d4c182f4fa056db195b73f53cfe9300abaff9ce3.jpg",
         "showOffset":2899.897,
         "_id":"5320823eff25c35e1c01a013",
         "recentComments":[

         ],
         "recentEmotions":[

         ],
         "tagCount":0,
         "emotionCount":0,
         "approvedCommentCount":0,
         "commentCount":0,
         "type":"Moment",
         "timestamp":"2014-03-12T15:50:22.485Z"
      },
      {
         "_id":"52557b3caf31cdb4220029f8",
         "commentCount":0,
         "emotionCount":0,
         "recentComments":[

         ],
         "screenshotUrl":"http://tvtag-moment-imgs.i.tv/se-4d1a5f207f6dfb6e36b3bda23062b82c-0-39039241640768c1e90cfbdce0eec8364be7797a.jpg",
         "sequence":21,
         "showOffset":2957.408,
         "tagCount":0,
         "timestamp":"2013-10-09T15:50:20.970Z",
         "type":"Moment"
      },
      {
         "sequence":71,
         "title":"The hunters head to Sucrocorp.",
         "screenshotUrl":"http://tvtag-moment-imgs.i.tv/se-4d1a5f207f6dfb6e36b3bda23062b82c-0-44aa5acb93c7a25ecdc5dc0a73dc00f5f397b2fd.jpg",
         "showOffset":2993.918,
         "_id":"5320824aff25c35e1c01a016",
         "recentComments":[

         ],
         "recentEmotions":[

         ],
         "tagCount":0,
         "emotionCount":0,
         "approvedCommentCount":0,
         "commentCount":0,
         "type":"Moment",
         "timestamp":"2014-03-12T15:50:34.051Z"
      },
      {
         "sequence":72,
         "title":"Dean and Castiel prepare to take down Dick.",
         "screenshotUrl":"http://tvtag-moment-imgs.i.tv/se-4d1a5f207f6dfb6e36b3bda23062b82c-0-a57455450d96b82d9c33d9e1fd0ed3d1996a5d52.jpg",
         "showOffset":3035.961,
         "_id":"53208322ffbd6c970e01a43b",
         "recentComments":[

         ],
         "recentEmotions":[

         ],
         "tagCount":0,
         "emotionCount":0,
         "approvedCommentCount":0,
         "commentCount":0,
         "type":"Moment",
         "timestamp":"2014-03-12T15:54:10.664Z"
      },
      {
         "_id":"52557bc83a1fd0aa13001f0d",
         "commentCount":0,
         "emotionCount":0,
         "recentComments":[

         ],
         "screenshotUrl":"http://tvtag-moment-imgs.i.tv/se-4d1a5f207f6dfb6e36b3bda23062b82c-0-e90d4f37d3905ee5458f0f264d282ff1c9380422.jpg",
         "sequence":22,
         "showOffset":3059.291,
         "tagCount":0,
         "timestamp":"2013-10-09T15:52:40.046Z",
         "type":"Moment"
      },
      {
         "sequence":73,
         "title":"Dick and the hunters meet face to face.",
         "screenshotUrl":"http://tvtag-moment-imgs.i.tv/se-4d1a5f207f6dfb6e36b3bda23062b82c-0-a37b045cdd33c4bb6eebb136fccb2f9a505cf64f.jpg",
         "showOffset":3096.896,
         "_id":"53208333ff25c35e1c01a037",
         "recentComments":[

         ],
         "recentEmotions":[

         ],
         "tagCount":0,
         "emotionCount":0,
         "approvedCommentCount":0,
         "commentCount":0,
         "type":"Moment",
         "timestamp":"2014-03-12T15:54:27.822Z"
      },
      {
         "sequence":74,
         "title":"Dick explodes.",
         "screenshotUrl":"http://tvtag-moment-imgs.i.tv/se-4d1a5f207f6dfb6e36b3bda23062b82c-0-5be15111ba5ec31541f78182d2f75a9616ebb5e7.jpg",
         "showOffset":3189.414,
         "_id":"5320833fff25c35e1c01a038",
         "recentComments":[

         ],
         "recentEmotions":[

         ],
         "tagCount":0,
         "emotionCount":0,
         "approvedCommentCount":0,
         "commentCount":0,
         "type":"Moment",
         "timestamp":"2014-03-12T15:54:39.356Z"
      },
      {
         "_id":"52557c49c5b939f22d00233f",
         "commentCount":0,
         "emotionCount":0,
         "recentComments":[

         ],
         "screenshotUrl":"http://tvtag-moment-imgs.i.tv/se-4d1a5f207f6dfb6e36b3bda23062b82c-0-f25553277d0a3affaa43d2821666729fe04d8f2c.jpg",
         "sequence":23,
         "showOffset":3204.184,
         "tagCount":0,
         "timestamp":"2013-10-09T15:54:49.339Z",
         "type":"Moment"
      },
      {
         "sequence":75,
         "title":"Crowley reveals his plans to Sam.",
         "screenshotUrl":"http://tvtag-moment-imgs.i.tv/se-4d1a5f207f6dfb6e36b3bda23062b82c-0-55400977d611baf2d1b811771014273539a818d5.jpg",
         "showOffset":3436.013,
         "_id":"53208402ffbd6c970e01a468",
         "recentComments":[

         ],
         "recentEmotions":[

         ],
         "tagCount":0,
         "emotionCount":0,
         "approvedCommentCount":0,
         "commentCount":0,
         "type":"Moment",
         "timestamp":"2014-03-12T15:57:54.041Z"
      },
      {
         "_id":"52557d5068a29a811c00264b",
         "commentCount":0,
         "emotionCount":0,
         "recentComments":[

         ],
         "screenshotUrl":"http://tvtag-moment-imgs.i.tv/se-4d1a5f207f6dfb6e36b3bda23062b82c-0-d03ffacce4428407db6b7bf4ecdbf7a1b282c26d.jpg",
         "sequence":24,
         "showOffset":3500.378,
         "tagCount":0,
         "timestamp":"2013-10-09T15:59:12.354Z",
         "type":"Moment"
      },
      {
         "sequence":76,
         "title":"Dean and Castiel disappear.",
         "screenshotUrl":"http://tvtag-moment-imgs.i.tv/se-4d1a5f207f6dfb6e36b3bda23062b82c-0-ac01ba8ac25827a45b00a97cd5472a389d5660f0.jpg",
         "showOffset":3521.919,
         "_id":"53208465ffbd6c970e01a46f",
         "recentComments":[

         ],
         "recentEmotions":[

         ],
         "tagCount":0,
         "emotionCount":0,
         "approvedCommentCount":0,
         "commentCount":0,
         "type":"Moment",
         "timestamp":"2014-03-12T15:59:33.713Z"
      },
      {
         "sequence":77,
         "title":"Dean learns he is in purgatory.",
         "screenshotUrl":"http://tvtag-moment-imgs.i.tv/se-4d1a5f207f6dfb6e36b3bda23062b82c-0-e9c10f3826e06b76367b43898e246983fbe75dd9.jpg",
         "showOffset":3543.538,
         "_id":"5320846dff25c35e1c01a063",
         "recentComments":[

         ],
         "recentEmotions":[

         ],
         "tagCount":0,
         "emotionCount":0,
         "approvedCommentCount":0,
         "commentCount":0,
         "type":"Moment",
         "timestamp":"2014-03-12T15:59:41.437Z"
      },
      {
         "sequence":1,
         "showOffset":3600,
         "timestamp":"2013-10-09T15:00:02.353Z",
         "_id":"52556f72e8020a1304001978",
         "recentComments":[

         ],
         "tagCount":0,
         "emotionCount":0,
         "commentCount":0,
         "type":"LastMoment"
      }
   ],
   "lastUpdated":"2014-03-12T15:59:41.437Z"
}